1.1;0;0.05;0.1;0.15;0.2;0.25;0.3;0.35;0.4;0.45;0.5;0.55;0.6;0.65;0.7;0.75;0.8;0.85;0.9;0.95;
0;1.2035;1.2035;1.2036;1.2037;1.2039;1.2042;1.2044;1.2048;1.2052;1.2057;1.2062;1.213;1.2435;1.2774;1.3146;1.3551;1.3987;1.4457;1.4959;1.5496;
500;1.146;1.1461;1.1461;1.1463;1.1464;1.1467;1.1469;1.1473;1.1477;1.1481;1.149;1.1581;1.1871;1.2196;1.2552;1.294;1.336;1.3811;1.4294;1.481;
1000;1.0907;1.0907;1.0908;1.0909;1.0911;1.0913;1.0916;1.0919;1.0923;1.0928;1.0935;1.1051;1.1328;1.1637;1.1978;1.2348;1.2751;1.3185;1.365;1.4146;
1500;1.0374;1.0374;1.0375;1.0376;1.0377;1.038;1.0382;1.0385;1.0389;1.0394;1.0399;1.0539;1.0804;1.1098;1.1423;1.1777;1.2162;1.2578;1.3025;1.3502;
2000;0.98604;0.98607;0.98613;0.98625;0.98643;0.98662;0.98689;0.98721;0.98758;0.98805;0.98706;1.0047;1.0299;1.0579;1.0888;1.1225;1.1593;1.1991;1.2419;1.2878;
2500;0.93667;0.93669;0.93676;0.93687;0.93706;0.93724;0.9375;0.93782;0.93818;0.93866;0.93725;0.95711;0.9812;1.0079;1.0373;1.0693;1.1044;1.1424;1.1833;1.2273;
3000;0.88919;0.88922;0.88928;0.88939;0.88959;0.88976;0.89002;0.89032;0.89068;0.89116;0.89089;0.91123;0.93425;0.95973;0.98764;1.0181;1.0514;1.0876;1.1267;1.1688;
3500;0.84355;0.84358;0.84364;0.84375;0.84392;0.84412;0.84438;0.84468;0.84504;0.84551;0.84742;0.86698;0.88898;0.91327;0.93987;0.96888;1.0005;1.0348;1.0721;1.1122;
4000;0.79971;0.79973;0.7998;0.79991;0.80007;0.80027;0.80052;0.80083;0.80118;0.80165;0.80559;0.82429;0.84531;0.86848;0.89383;0.92145;0.95147;0.98405;1.0194;1.0576;
4500;0.75761;0.75764;0.7577;0.75781;0.75797;0.75817;0.75842;0.75872;0.75907;0.75953;0.76526;0.78313;0.8032;0.8253;0.84947;0.87578;0.90434;0.93527;0.96878;1.0051;
5000;0.71721;0.71724;0.7173;0.71741;0.71757;0.71777;0.71802;0.71832;0.71866;0.7191;0.72639;0.74345;0.7626;0.78367;0.80671;0.83179;0.85898;0.88839;0.92018;0.95452;
5500;0.67846;0.67848;0.67855;0.67866;0.67882;0.67902;0.67927;0.67956;0.67991;0.68019;0.68893;0.70524;0.72349;0.74356;0.76551;0.7894;0.81529;0.84328;0.87347;0.90601;
6000;0.64132;0.64134;0.6414;0.64151;0.64167;0.64187;0.64212;0.64241;0.64275;0.64217;0.65283;0.66841;0.68582;0.70494;0.72583;0.74858;0.77323;0.79986;0.82856;0.85945;
6500;0.60573;0.60575;0.60582;0.60593;0.60608;0.60628;0.60653;0.60682;0.60715;0.60628;0.61807;0.63295;0.64954;0.66775;0.68765;0.70928;0.73274;0.75808;0.78537;0.81471;
7000;0.57181;0.57183;0.57187;0.57195;0.57205;0.57221;0.57245;0.57274;0.57307;0.57246;0.5846;0.5988;0.6146;0.63195;0.6509;0.67149;0.69379;0.71788;0.74383;0.7717;
7500;0.53939;0.5394;0.53944;0.53951;0.53962;0.53975;0.53992;0.54014;0.54046;0.54046;0.5524;0.56593;0.58098;0.5975;0.61554;0.63513;0.65633;0.67922;0.70388;0.73036;
8000;0.5084;0.50841;0.50845;0.50851;0.50861;0.50874;0.5089;0.5091;0.50935;0.51004;0.52144;0.53434;0.54865;0.56437;0.58152;0.60016;0.62033;0.64208;0.66548;0.69063;
8500;0.47879;0.4788;0.47884;0.4789;0.47899;0.47911;0.47927;0.47946;0.47968;0.48162;0.4919;0.50397;0.51756;0.53251;0.54882;0.56654;0.58571;0.60638;0.62861;0.65247;
9000;0.45053;0.45054;0.45057;0.45063;0.45072;0.45083;0.45098;0.45116;0.45137;0.45448;0.4642;0.47527;0.48771;0.50191;0.51741;0.53425;0.55246;0.57209;0.5932;0.61583;
9500;0.42356;0.42357;0.42361;0.42366;0.42374;0.42385;0.42399;0.42416;0.42435;0.42854;0.43771;0.44812;0.45971;0.47253;0.48725;0.50323;0.52053;0.53917;0.5592;0.58068;
10000;0.39786;0.39787;0.3979;0.39797;0.39803;0.39813;0.39826;0.39842;0.39795;0.40374;0.41239;0.4222;0.43311;0.44516;0.4584;0.47347;0.48988;0.50757;0.52657;0.54694;
10500;0.37337;0.37338;0.37341;0.37346;0.37353;0.37362;0.37375;0.3739;0.37333;0.38005;0.38821;0.39744;0.40771;0.41904;0.43149;0.44511;0.46049;0.47726;0.49528;0.51459;
11000;0.35005;0.35006;0.35009;0.35015;0.3502;0.35029;0.35041;0.35055;0.35075;0.35744;0.36513;0.37381;0.38347;0.39411;0.40581;0.41861;0.43256;0.44821;0.46528;0.48357;
11500;0.32351;0.32352;0.32355;0.3236;0.32365;0.32374;0.32384;0.32397;0.32418;0.33036;0.33747;0.34549;0.35442;0.36425;0.37507;0.3869;0.39979;0.41426;0.43003;0.44694;
12000;0.29899;0.29899;0.29902;0.29907;0.29911;0.29919;0.29929;0.29941;0.29962;0.30533;0.3119;0.31931;0.32757;0.33665;0.34665;0.35758;0.3695;0.38287;0.39745;0.41308;
12500;0.27632;0.27633;0.27635;0.2764;0.27644;0.27651;0.2766;0.27671;0.27692;0.2822;0.28827;0.29512;0.30275;0.31115;0.32039;0.33049;0.3415;0.35386;0.36734;0.38178;
13000;0.25537;0.25538;0.2554;0.25544;0.25548;0.25555;0.25563;0.25573;0.25594;0.26082;0.26643;0.27276;0.27982;0.28757;0.29611;0.30545;0.31563;0.32706;0.33951;0.35286;
13500;0.23601;0.23602;0.23603;0.23608;0.23611;0.23617;0.23625;0.23635;0.23655;0.24106;0.24625;0.2521;0.25862;0.26579;0.27368;0.28231;0.29172;0.30228;0.31379;0.32613;
14000;0.21812;0.21812;0.21814;0.21818;0.21821;0.21827;0.21834;0.21843;0.21863;0.2228;0.22759;0.233;0.23902;0.24565;0.25295;0.26092;0.26962;0.27938;0.29002;0.30142;
1.05;0;0.05;0.1;0.15;0.2;0.25;0.3;0.35;0.4;0.45;0.5;0.55;0.6;0.65;0.7;0.75;0.8;0.85;0.9;0.95;
0;1.209;1.209;1.2091;1.2092;1.2094;1.2096;1.2098;1.2101;1.2104;1.2107;1.211;1.2113;1.2185;1.25;1.2847;1.3227;1.3641;1.409;1.4575;1.5095;
500;1.1515;1.1515;1.1516;1.1517;1.1519;1.1521;1.1523;1.1526;1.1529;1.1532;1.1536;1.1542;1.1646;1.1948;1.2281;1.2644;1.3039;1.3467;1.393;1.443;
1000;1.096;1.0961;1.0961;1.0963;1.0964;1.0966;1.0969;1.0972;1.0975;1.0978;1.0982;1.0987;1.1124;1.1414;1.1733;1.208;1.2456;1.2865;1.3308;1.3785;
1500;1.0427;1.0427;1.0428;1.0429;1.043;1.0432;1.0435;1.0437;1.0441;1.0444;1.0448;1.0451;1.0617;1.0897;1.1202;1.1534;1.1895;1.2284;1.2706;1.3161;
2000;0.99127;0.99129;0.99136;0.99146;0.99161;0.9918;0.99203;0.9923;0.99262;0.99298;0.99335;0.99196;1.0126;1.0395;1.0689;1.1007;1.1352;1.1724;1.2126;1.256;
2500;0.94184;0.94186;0.94191;0.94201;0.94215;0.94233;0.94255;0.94281;0.94312;0.94348;0.94388;0.94261;0.965;0.99087;1.0191;1.0497;1.0827;1.1183;1.1566;1.1979;
3000;0.8943;0.89432;0.89437;0.89446;0.89459;0.89476;0.89498;0.89521;0.89552;0.89587;0.89628;0.89671;0.91898;0.9438;0.97092;1.0003;1.032;1.066;1.1026;1.1419;
3500;0.84861;0.84862;0.84868;0.84876;0.84889;0.84905;0.84928;0.84947;0.84977;0.85011;0.85052;0.85323;0.87453;0.89828;0.92426;0.95244;0.98282;1.0155;1.0504;1.088;
4000;0.8047;0.80472;0.80477;0.80486;0.80498;0.80513;0.80532;0.80555;0.80582;0.80615;0.80656;0.81133;0.83165;0.85433;0.87916;0.90614;0.93527;0.96656;1.0001;1.0359;
4500;0.76254;0.76256;0.76261;0.76269;0.76281;0.76296;0.76314;0.76336;0.76363;0.76394;0.76434;0.77101;0.79035;0.81194;0.83562;0.8614;0.88928;0.91928;0.95138;0.98568;
5000;0.72207;0.72209;0.72214;0.72222;0.72233;0.72248;0.72266;0.72288;0.72314;0.72345;0.72382;0.73228;0.75063;0.77113;0.79365;0.81822;0.84485;0.87355;0.90432;0.93718;
5500;0.68325;0.68327;0.68331;0.68339;0.6835;0.68365;0.68383;0.68404;0.6843;0.6846;0.68455;0.6951;0.7125;0.73191;0.75327;0.77662;0.80199;0.82939;0.85882;0.89027;
6000;0.64603;0.64605;0.64609;0.64617;0.64628;0.64642;0.6466;0.64681;0.64706;0.64736;0.64638;0.65933;0.67589;0.69428;0.71447;0.7366;0.7607;0.78679;0.81488;0.84496;
6500;0.61037;0.61038;0.61043;0.6105;0.61061;0.61075;0.61093;0.61113;0.61138;0.61167;0.61115;0.62493;0.6407;0.65815;0.67727;0.69818;0.721;0.74578;0.77252;0.80122;
7000;0.57621;0.57623;0.57627;0.57635;0.57646;0.57659;0.57676;0.57697;0.57722;0.5775;0.57854;0.5919;0.60686;0.62343;0.64157;0.66136;0.68291;0.70636;0.73174;0.75906;
7500;0.54353;0.54354;0.54359;0.54366;0.54377;0.5439;0.54407;0.54428;0.54452;0.5448;0.54737;0.56006;0.57433;0.59007;0.60728;0.62604;0.64642;0.66855;0.69256;0.71848;
8000;0.51226;0.51227;0.51232;0.51239;0.5125;0.51263;0.5128;0.51301;0.51325;0.51352;0.51744;0.5295;0.54307;0.55801;0.57435;0.59213;0.61144;0.63234;0.65499;0.6795;
8500;0.48237;0.48239;0.48243;0.48251;0.48261;0.48275;0.48291;0.48311;0.48335;0.48361;0.48869;0.50016;0.51303;0.52721;0.54272;0.55959;0.57788;0.59767;0.61903;0.64214;
9000;0.45382;0.45384;0.45388;0.45396;0.45406;0.4542;0.45436;0.45456;0.4548;0.45492;0.46107;0.47199;0.48423;0.49764;0.51235;0.52834;0.54568;0.56442;0.58463;0.6064;
9500;0.42657;0.42659;0.42663;0.42671;0.42681;0.42694;0.42711;0.4273;0.42753;0.42701;0.43456;0.44495;0.45658;0.46929;0.48321;0.49836;0.51479;0.53254;0.55166;0.57223;
10000;0.4006;0.40061;0.40064;0.40071;0.40081;0.40094;0.40111;0.4013;0.40153;0.40095;0.40912;0.41899;0.42999;0.44208;0.45528;0.46962;0.48517;0.50197;0.52006;0.53951;
10500;0.37595;0.37596;0.37599;0.37604;0.37611;0.3762;0.37632;0.37652;0.37674;0.37651;0.38473;0.3941;0.40453;0.41598;0.42849;0.44208;0.45679;0.47268;0.48979;0.50818;
11000;0.35248;0.35249;0.35252;0.35256;0.35263;0.35271;0.35282;0.35296;0.35313;0.35349;0.36135;0.37024;0.38012;0.39098;0.40281;0.41568;0.42961;0.44463;0.4608;0.47818;
11500;0.32576;0.32576;0.32579;0.32583;0.32589;0.32597;0.32608;0.3262;0.32636;0.32671;0.33397;0.3422;0.35133;0.36136;0.3723;0.38419;0.39706;0.41094;0.42589;0.44195;
12000;0.30106;0.30107;0.30109;0.30113;0.30119;0.30126;0.30135;0.30147;0.30161;0.30195;0.30867;0.31627;0.32471;0.33398;0.34409;0.35508;0.36698;0.37981;0.39362;0.40847;
12500;0.27823;0.27824;0.27826;0.2783;0.27835;0.27842;0.27851;0.27862;0.27875;0.27908;0.28529;0.29231;0.30011;0.30868;0.31802;0.32818;0.33918;0.35104;0.3638;0.37752;
13000;0.25714;0.25715;0.25717;0.2572;0.25725;0.25731;0.25739;0.25749;0.25761;0.25793;0.26367;0.27016;0.27737;0.28529;0.29393;0.30332;0.31348;0.32444;0.33624;0.34892;
13500;0.23764;0.23765;0.23767;0.2377;0.23774;0.2378;0.23788;0.23797;0.23808;0.23839;0.2437;0.2497;0.25636;0.26368;0.27166;0.28034;0.28973;0.29986;0.31077;0.32248;
14000;0.21963;0.21963;0.21965;0.21968;0.21972;0.21977;0.21984;0.21993;0.22003;0.22033;0.22523;0.23078;0.23694;0.2437;0.25108;0.2591;0.26778;0.27715;0.28722;0.29805;
1;0;0.05;0.1;0.15;0.2;0.25;0.3;0.35;0.4;0.45;0.5;0.55;0.6;0.65;0.7;0.75;0.8;0.85;0.9;0.95;
0;1.211;1.2111;1.2111;1.2112;1.2114;1.2115;1.2117;1.212;1.2122;1.2125;1.2127;1.213;1.2132;1.216;1.249;1.2851;1.3242;1.3665;1.412;1.4609;
500;1.154;1.154;1.1541;1.1542;1.1543;1.1544;1.1546;1.1548;1.155;1.1552;1.1554;1.1556;1.1559;1.1627;1.1944;1.2291;1.2666;1.3071;1.3507;1.3975;
1000;1.0989;1.099;1.099;1.0991;1.0992;1.0993;1.0995;1.0996;1.0998;1.1;1.1002;1.1004;1.1008;1.1109;1.1415;1.1748;1.2108;1.2495;1.2913;1.3361;
1500;1.0459;1.0459;1.046;1.0461;1.0462;1.0463;1.0464;1.0466;1.0467;1.0469;1.047;1.0472;1.0476;1.0607;1.0902;1.1222;1.1567;1.1939;1.2338;1.2767;
2000;0.99479;0.99481;0.99486;0.99495;0.99505;0.99516;0.99528;0.99542;0.99553;0.99572;0.99585;0.99599;0.99622;1.0123;1.0404;1.0712;1.1044;1.14;1.1783;1.2193;
2500;0.94552;0.94554;0.94559;0.94568;0.94579;0.94591;0.94604;0.94618;0.94636;0.94647;0.94661;0.94673;0.94529;0.96552;0.99235;1.0217;1.0537;1.0878;1.1245;1.1638;
3000;0.89807;0.89809;0.89815;0.89824;0.89836;0.89849;0.89862;0.89878;0.89894;0.89909;0.89923;0.89935;0.89799;0.92043;0.946;0.97397;1.0044;1.0373;1.0725;1.1101;
3500;0.85241;0.85243;0.85249;0.85258;0.8527;0.85284;0.85298;0.85315;0.85332;0.85349;0.85366;0.85383;0.85494;0.87695;0.90131;0.92794;0.95691;0.98833;1.0221;1.0581;
4000;0.80851;0.80853;0.80859;0.80867;0.80879;0.80893;0.80909;0.80926;0.80945;0.80965;0.80983;0.81001;0.81403;0.83503;0.85824;0.88358;0.91114;0.94101;0.97331;1.0079;
4500;0.76632;0.76634;0.76639;0.76648;0.76659;0.76673;0.76689;0.76707;0.76727;0.76749;0.7677;0.76792;0.77455;0.7946;0.81673;0.84085;0.86705;0.89545;0.92616;0.9593;
5000;0.72581;0.72583;0.72588;0.72596;0.72607;0.7262;0.72636;0.72655;0.72676;0.72698;0.72722;0.72747;0.73642;0.75561;0.77672;0.79968;0.8246;0.85159;0.88076;0.91224;
5500;0.68694;0.68695;0.687;0.68708;0.68718;0.68731;0.68747;0.68765;0.68786;0.6881;0.68835;0.68847;0.69958;0.71798;0.73813;0.76001;0.78372;0.80937;0.83708;0.86695;
6000;0.64967;0.64968;0.64972;0.64979;0.64989;0.65002;0.65017;0.65034;0.65056;0.65079;0.65105;0.65002;0.66397;0.68162;0.7009;0.72178;0.74436;0.76875;0.79505;0.8234;
6500;0.61396;0.61397;0.61401;0.61407;0.61416;0.61428;0.61442;0.61459;0.6148;0.61504;0.6153;0.61466;0.62959;0.64648;0.66494;0.68491;0.70644;0.72965;0.75464;0.78154;
7000;0.57976;0.57977;0.57981;0.57987;0.57995;0.58006;0.58019;0.58035;0.58055;0.58078;0.58105;0.58197;0.5965;0.61258;0.63021;0.64932;0.6699;0.69201;0.71576;0.7413;
7500;0.54703;0.54704;0.54707;0.54713;0.54721;0.54732;0.54744;0.54761;0.54778;0.548;0.54826;0.55079;0.56456;0.57992;0.59672;0.61496;0.63464;0.65575;0.67837;0.70261;
8000;0.51572;0.51573;0.51576;0.51581;0.51589;0.51599;0.51612;0.51626;0.51644;0.51665;0.51689;0.52088;0.53393;0.5485;0.56447;0.58184;0.60061;0.62079;0.64237;0.66543;
8500;0.48578;0.48579;0.48582;0.48587;0.48595;0.48605;0.48617;0.48631;0.48648;0.48669;0.48692;0.49223;0.50456;0.51834;0.53348;0.54997;0.56784;0.58707;0.60768;0.62965;
9000;0.45718;0.45719;0.45722;0.45727;0.45734;0.45744;0.45756;0.4577;0.45786;0.45807;0.45825;0.46485;0.47647;0.48947;0.50374;0.51935;0.5363;0.5546;0.57424;0.59522;
9500;0.42987;0.42988;0.42991;0.42996;0.43003;0.43012;0.43024;0.43038;0.43054;0.43074;0.43007;0.43862;0.44963;0.46188;0.47528;0.49001;0.50604;0.52338;0.54205;0.56203;
10000;0.40381;0.40382;0.40385;0.4039;0.40397;0.40406;0.40418;0.40431;0.40448;0.40467;0.40433;0.4135;0.42392;0.43546;0.4481;0.46194;0.47704;0.49343;0.51112;0.5301;
10500;0.37897;0.37898;0.37901;0.37906;0.37913;0.37922;0.37933;0.37946;0.37962;0.37981;0.38067;0.38944;0.3993;0.4102;0.42213;0.43515;0.44933;0.46475;0.48145;0.49943;
11000;0.3553;0.35531;0.35534;0.35539;0.35546;0.35555;0.35566;0.35579;0.35595;0.35613;0.35808;0.3664;0.37574;0.38603;0.39732;0.40957;0.4229;0.43737;0.45307;0.47003;
11500;0.32836;0.32837;0.3284;0.32844;0.32851;0.32859;0.32869;0.32881;0.32896;0.32913;0.33096;0.33864;0.34727;0.35678;0.36722;0.37854;0.39086;0.40423;0.41874;0.43441;
12000;0.30346;0.30347;0.3035;0.30354;0.3036;0.30368;0.30377;0.30389;0.30402;0.30418;0.30588;0.31298;0.32096;0.32975;0.3394;0.34986;0.36124;0.3736;0.38701;0.4015;
12500;0.28046;0.28047;0.28049;0.28053;0.28058;0.28066;0.28074;0.28085;0.28097;0.28112;0.28271;0.28927;0.29665;0.30477;0.31368;0.32335;0.33387;0.34529;0.35769;0.37108;
13000;0.25919;0.2592;0.25922;0.25926;0.25931;0.25938;0.25946;0.25955;0.25967;0.2598;0.26129;0.26736;0.27417;0.28168;0.28992;0.29885;0.30858;0.31913;0.33059;0.34296;
13500;0.23954;0.23955;0.23957;0.2396;0.23965;0.23971;0.23979;0.23988;0.23998;0.24011;0.2415;0.2471;0.2534;0.26034;0.26795;0.27621;0.2852;0.29495;0.30554;0.31698;
14000;0.22138;0.22139;0.22141;0.22144;0.22148;0.22154;0.22161;0.22169;0.22179;0.2219;0.2232;0.22838;0.2342;0.24061;0.24765;0.25528;0.26359;0.27261;0.28239;0.29296;
0.95;0;0.05;0.1;0.15;0.2;0.25;0.3;0.35;0.4;0.45;0.5;0.55;0.6;0.65;0.7;0.75;0.8;0.85;0.9;0.95;
0;1.211;1.2111;1.2112;1.2114;1.2117;1.212;1.2124;1.2127;1.2131;1.2134;1.2136;1.2138;1.2139;1.2139;1.2125;1.2401;1.2778;1.3189;1.3635;1.4118;
500;1.154;1.154;1.1541;1.1543;1.1546;1.1549;1.1552;1.1555;1.1559;1.1562;1.1564;1.1565;1.1566;1.1567;1.1547;1.1863;1.2222;1.2613;1.3038;1.3498;
1000;1.0989;1.099;1.0991;1.0993;1.0995;1.0998;1.1001;1.1004;1.1007;1.101;1.1012;1.1014;1.1015;1.1016;1.1029;1.1343;1.1685;1.2058;1.2462;1.2899;
1500;1.046;1.046;1.0461;1.0463;1.0465;1.0467;1.047;1.0473;1.0476;1.0479;1.0481;1.0483;1.0484;1.0486;1.0539;1.0839;1.1167;1.1522;1.1907;1.2322;
2000;0.99495;0.99499;0.99509;0.99525;0.99544;0.99566;0.99594;0.99622;0.9965;0.99675;0.99696;0.99713;0.99725;0.99748;1.0066;1.0353;1.0666;1.1005;1.1371;1.1767;
2500;0.94587;0.9459;0.94599;0.94612;0.9463;0.9465;0.94675;0.94701;0.94729;0.94752;0.94772;0.9479;0.94802;0.94824;0.96095;0.98836;1.0182;1.0506;1.0855;1.1231;
3000;0.89868;0.89871;0.89878;0.8989;0.89905;0.89921;0.89943;0.89968;0.89993;0.90015;0.90035;0.90052;0.90066;0.90037;0.91679;0.943;0.97152;1.0024;1.0357;1.0715;
3500;0.85334;0.85336;0.85342;0.85352;0.85364;0.85378;0.85396;0.85417;0.85439;0.8546;0.85479;0.85497;0.85511;0.8535;0.87413;0.8992;0.9264;0.95582;0.98755;1.0217;
4000;0.80977;0.80979;0.80984;0.80992;0.81002;0.81014;0.81028;0.81045;0.81064;0.81082;0.81101;0.81118;0.81132;0.811;0.83289;0.85687;0.88285;0.91089;0.94113;0.97367;
4500;0.76791;0.76793;0.76798;0.76804;0.76813;0.76823;0.76834;0.76848;0.76864;0.76879;0.76894;0.76911;0.76925;0.77202;0.79303;0.81597;0.84079;0.86755;0.89635;0.92733;
5000;0.72771;0.72773;0.72777;0.72783;0.7279;0.72799;0.72808;0.7282;0.72832;0.72845;0.72858;0.72872;0.72885;0.73436;0.7545;0.77647;0.80017;0.82572;0.85318;0.88267;
5500;0.68911;0.68912;0.68916;0.68922;0.68929;0.68936;0.68945;0.68955;0.68965;0.68976;0.68987;0.68999;0.69028;0.69795;0.71727;0.73827;0.76094;0.78534;0.81153;0.83962;
6000;0.65205;0.65206;0.65209;0.65215;0.65222;0.65229;0.65237;0.65246;0.65256;0.65268;0.65275;0.65285;0.65295;0.66284;0.68127;0.70139;0.72305;0.74636;0.77136;0.79814;
6500;0.61647;0.61648;0.61652;0.61658;0.61665;0.61673;0.61681;0.6169;0.61699;0.61709;0.61718;0.61727;0.61649;0.62913;0.64658;0.66573;0.68647;0.70873;0.7326;0.75813;
7000;0.58234;0.58235;0.58239;0.58245;0.58253;0.58261;0.5827;0.5828;0.5829;0.583;0.58309;0.58318;0.58221;0.59669;0.61326;0.6314;0.65113;0.67242;0.69521;0.71956;
7500;0.54964;0.54965;0.54968;0.54974;0.54982;0.54991;0.55001;0.55012;0.55023;0.55034;0.55045;0.55054;0.55139;0.56556;0.58127;0.59843;0.61711;0.63736;0.65914;0.68237;
8000;0.51832;0.51833;0.51837;0.51842;0.5185;0.51859;0.51869;0.51881;0.51893;0.51906;0.51918;0.5193;0.52221;0.53567;0.55055;0.5668;0.58446;0.60362;0.62433;0.64652;
8500;0.48836;0.48837;0.4884;0.48846;0.48853;0.48862;0.48873;0.48885;0.48897;0.48911;0.48926;0.48939;0.49416;0.50696;0.52107;0.53644;0.55315;0.57126;0.59084;0.61195;
9000;0.45972;0.45973;0.45976;0.45981;0.45988;0.45997;0.46008;0.46019;0.46033;0.46048;0.46063;0.46078;0.46717;0.47936;0.49277;0.50732;0.52313;0.54024;0.55873;0.57868;
9500;0.43237;0.43238;0.43241;0.43246;0.43252;0.43261;0.43271;0.43282;0.43296;0.43311;0.43328;0.4328;0.44117;0.45282;0.46558;0.47937;0.49433;0.51051;0.52797;0.5468;
10000;0.40628;0.40628;0.40631;0.40636;0.40642;0.4065;0.40659;0.4067;0.40683;0.40699;0.40716;0.40652;0.41614;0.42725;0.43939;0.45253;0.46671;0.48201;0.4985;0.51627;
10500;0.3814;0.38141;0.38143;0.38147;0.38153;0.3816;0.38169;0.38179;0.38192;0.38207;0.38224;0.38258;0.39208;0.40266;0.41421;0.42672;0.4402;0.4547;0.47029;0.48705;
11000;0.3577;0.35771;0.35773;0.35777;0.35782;0.35789;0.35797;0.35807;0.35819;0.35833;0.35849;0.36002;0.36902;0.37904;0.39;0.4019;0.41473;0.4285;0.44325;0.45908;
11500;0.33058;0.33059;0.33061;0.33064;0.33069;0.33076;0.33083;0.33092;0.33104;0.33116;0.33131;0.33275;0.34106;0.35032;0.36045;0.37145;0.38331;0.39603;0.40967;0.42429;
12000;0.30552;0.30552;0.30554;0.30557;0.30562;0.30568;0.30575;0.30583;0.30594;0.30606;0.3062;0.30753;0.31522;0.32378;0.33314;0.3433;0.35426;0.36602;0.37863;0.39214;
12500;0.28235;0.28236;0.28238;0.28241;0.28245;0.2825;0.28257;0.28265;0.28274;0.28285;0.28298;0.28423;0.29134;0.29925;0.3079;0.31729;0.32742;0.33829;0.34994;0.36243;
13000;0.26095;0.26095;0.26097;0.261;0.26104;0.26109;0.26115;0.26122;0.26131;0.26141;0.26153;0.2627;0.26926;0.27658;0.28458;0.29326;0.30262;0.31266;0.32342;0.33497;
13500;0.24116;0.24117;0.24118;0.24121;0.24125;0.24129;0.24135;0.24141;0.2415;0.24159;0.2417;0.2428;0.24887;0.25563;0.26302;0.27104;0.2797;0.28898;0.29893;0.30959;
14000;0.22288;0.22288;0.2229;0.22292;0.22296;0.223;0.22305;0.22311;0.22319;0.22327;0.22337;0.2244;0.23001;0.23626;0.2431;0.25052;0.25851;0.26709;0.27629;0.28615;
0.9;0;0.05;0.1;0.15;0.2;0.25;0.3;0.35;0.4;0.45;0.5;0.55;0.6;0.65;0.7;0.75;0.8;0.85;0.9;0.95;
0;1.2109;1.2109;1.2111;1.2113;1.2116;1.212;1.2123;1.2127;1.213;1.2133;1.2135;1.2137;1.2139;1.2141;1.2142;1.2146;1.2368;1.277;1.3205;1.3675;
500;1.1538;1.1539;1.154;1.1543;1.1545;1.1549;1.1552;1.1556;1.1559;1.1562;1.1564;1.1565;1.1566;1.1568;1.1569;1.1566;1.1824;1.2209;1.2625;1.3074;
1000;1.0989;1.0989;1.099;1.0993;1.0995;1.0999;1.1002;1.1005;1.1008;1.1011;1.1013;1.1014;1.1015;1.1016;1.1017;1.0998;1.1298;1.1666;1.2064;1.2493;
1500;1.0459;1.046;1.0461;1.0463;1.0466;1.0469;1.0472;1.0475;1.0478;1.048;1.0482;1.0483;1.0484;1.0485;1.0486;1.0471;1.0789;1.1142;1.1522;1.1932;
2000;0.99495;0.995;0.99513;0.99532;0.99557;0.99584;0.99614;0.99644;0.99671;0.99695;0.99711;0.99721;0.99728;0.99736;0.99752;0.99894;1.0298;1.0635;1.0998;1.1389;
2500;0.94591;0.94595;0.94607;0.94625;0.94649;0.94674;0.94703;0.94731;0.94757;0.94779;0.94795;0.94805;0.94811;0.94817;0.94824;0.95302;0.98239;1.0145;1.0492;1.0865;
3000;0.89873;0.89877;0.89888;0.89906;0.89927;0.89951;0.89978;0.90006;0.9003;0.90051;0.90067;0.90077;0.90082;0.90087;0.90095;0.90881;0.93671;0.96723;1.0003;1.0359;
3500;0.85337;0.8534;0.85351;0.85368;0.85388;0.8541;0.85436;0.85462;0.85485;0.85506;0.85521;0.8553;0.85535;0.8554;0.85549;0.86627;0.89275;0.9217;0.95313;0.98706;
4000;0.80978;0.80981;0.80991;0.81006;0.81025;0.81046;0.81071;0.81095;0.81118;0.81137;0.81152;0.81162;0.81167;0.8117;0.81178;0.82533;0.85048;0.87791;0.9077;0.93995;
4500;0.7679;0.76794;0.76803;0.76818;0.76835;0.76854;0.76876;0.769;0.76921;0.7694;0.76956;0.76967;0.76971;0.76973;0.76903;0.78593;0.80981;0.83581;0.86402;0.89459;
5000;0.7277;0.72773;0.72782;0.72796;0.72811;0.72829;0.7285;0.72872;0.72893;0.72911;0.72925;0.72935;0.72942;0.72945;0.7281;0.74801;0.77068;0.79533;0.82205;0.85098;
5500;0.68913;0.68916;0.68924;0.68936;0.6895;0.68966;0.68986;0.69007;0.69027;0.69044;0.69058;0.69068;0.69075;0.69079;0.69187;0.71153;0.73305;0.75642;0.78172;0.80909;
6000;0.65214;0.65216;0.65224;0.65234;0.65247;0.65262;0.6528;0.65299;0.65318;0.65335;0.65348;0.65359;0.65367;0.65371;0.65769;0.67642;0.69685;0.719;0.74297;0.76887;
6500;0.61668;0.61671;0.61677;0.61686;0.61698;0.61711;0.61728;0.61745;0.61763;0.61779;0.61792;0.61803;0.61811;0.61816;0.6248;0.6426;0.66203;0.68304;0.70574;0.73026;
7000;0.58273;0.58274;0.58279;0.58287;0.58297;0.58309;0.58324;0.5834;0.58357;0.58371;0.58384;0.58395;0.58404;0.58409;0.59314;0.61006;0.6285;0.64846;0.66997;0.69317;
7500;0.55024;0.55025;0.55029;0.55036;0.55044;0.55053;0.55065;0.5508;0.55095;0.55109;0.55121;0.55132;0.55142;0.55065;0.56267;0.57881;0.59627;0.61518;0.6356;0.65757;
8000;0.51916;0.51917;0.5192;0.51926;0.51932;0.5194;0.5195;0.51961;0.51974;0.51986;0.51998;0.52009;0.52019;0.5195;0.53333;0.54867;0.56527;0.58322;0.60256;0.62338;
8500;0.48944;0.48945;0.48948;0.48952;0.48958;0.48964;0.48971;0.48981;0.48991;0.49001;0.49011;0.49021;0.49031;0.49173;0.50508;0.51969;0.53547;0.55249;0.57082;0.59054;
9000;0.46102;0.46103;0.46105;0.46109;0.46114;0.4612;0.46126;0.46133;0.46141;0.4615;0.46158;0.46166;0.46176;0.46515;0.47788;0.49181;0.50678;0.52295;0.54034;0.55901;
9500;0.43386;0.43387;0.43389;0.43393;0.43397;0.43402;0.43407;0.43414;0.4342;0.43428;0.43434;0.43441;0.43448;0.43955;0.4517;0.46492;0.47919;0.49456;0.51105;0.52874;
10000;0.4079;0.40791;0.40793;0.40797;0.40801;0.40806;0.40811;0.40817;0.40823;0.40829;0.40835;0.40841;0.40846;0.41497;0.42649;0.43908;0.45266;0.46725;0.48291;0.49968;
10500;0.38311;0.38312;0.38314;0.38318;0.38322;0.38327;0.38333;0.38339;0.38345;0.38351;0.38356;0.38362;0.38291;0.39146;0.40232;0.41421;0.42713;0.44101;0.45588;0.47178;
11000;0.35944;0.35945;0.35947;0.35951;0.35956;0.35962;0.35967;0.35974;0.35981;0.35987;0.35993;0.35998;0.35972;0.36897;0.37921;0.3904;0.40259;0.41577;0.4299;0.44499;
11500;0.33219;0.3322;0.33222;0.33225;0.3323;0.33235;0.33241;0.33247;0.33253;0.33258;0.33264;0.33269;0.33246;0.34101;0.35047;0.36082;0.37208;0.38427;0.39732;0.41127;
12000;0.307;0.30701;0.30703;0.30706;0.3071;0.30715;0.3072;0.30726;0.30732;0.30737;0.30742;0.30747;0.30727;0.31518;0.32392;0.33348;0.34388;0.35515;0.36722;0.3801;
12500;0.28373;0.28373;0.28375;0.28378;0.28382;0.28386;0.28391;0.28396;0.28402;0.28407;0.28411;0.28416;0.284;0.29131;0.29938;0.30821;0.31783;0.32823;0.33939;0.3513;
13000;0.26222;0.26222;0.26224;0.26227;0.2623;0.26234;0.26239;0.26244;0.26248;0.26253;0.26257;0.26261;0.26249;0.26925;0.27671;0.28487;0.29376;0.30337;0.31368;0.32468;
13500;0.24234;0.24234;0.24236;0.24238;0.24241;0.24245;0.24249;0.24254;0.24258;0.24262;0.24266;0.2427;0.24261;0.24886;0.25575;0.2633;0.27151;0.28039;0.28992;0.30009;
14000;0.22396;0.22397;0.22398;0.22401;0.22404;0.22407;0.22411;0.22415;0.22419;0.22423;0.22427;0.2243;0.22424;0.23001;0.23639;0.24336;0.25094;0.25916;0.26796;0.27736;
0.85;0;0.05;0.1;0.15;0.2;0.25;0.3;0.35;0.4;0.45;0.5;0.55;0.6;0.65;0.7;0.75;0.8;0.85;0.9;0.95;
0;1.2106;1.2106;1.2108;1.2111;1.2115;1.2119;1.2123;1.2127;1.2131;1.2134;1.2137;1.214;1.2142;1.2143;1.2144;1.2145;1.2145;1.2339;1.2758;1.3211;
500;1.1536;1.1536;1.1538;1.1541;1.1544;1.1548;1.1552;1.1556;1.1559;1.1562;1.1565;1.1567;1.1569;1.1571;1.1572;1.1573;1.1576;1.1797;1.2198;1.2631;
1000;1.0986;1.0987;1.0988;1.0991;1.0994;1.0997;1.1001;1.1005;1.1008;1.1011;1.1014;1.1016;1.1018;1.1019;1.102;1.1021;1.1022;1.1274;1.1657;1.207;
1500;1.0457;1.0458;1.0459;1.0462;1.0464;1.0468;1.0471;1.0475;1.0478;1.048;1.0483;1.0485;1.0486;1.0488;1.0489;1.0489;1.0471;1.0767;1.1134;1.1528;
2000;0.99477;0.99482;0.99497;0.99519;0.99545;0.99576;0.99608;0.9964;0.9967;0.99696;0.99715;0.99734;0.99751;0.99767;0.99774;0.9978;0.9963;1.0278;1.0628;1.1005;
2500;0.94573;0.94577;0.94591;0.94612;0.94636;0.94666;0.94698;0.94728;0.94756;0.94779;0.94797;0.94814;0.9483;0.94842;0.94852;0.94857;0.94995;0.98062;1.014;1.05;
3000;0.89856;0.8986;0.89873;0.89891;0.89915;0.89942;0.89972;0.90002;0.90029;0.90051;0.90068;0.90082;0.90096;0.90109;0.90118;0.90123;0.90577;0.93506;0.96687;1.0011;
3500;0.85321;0.85325;0.85336;0.85354;0.85376;0.85402;0.85429;0.85457;0.85482;0.85504;0.85521;0.85534;0.85547;0.85557;0.85566;0.8557;0.86316;0.8911;0.92142;0.95407;
4000;0.80963;0.80967;0.80978;0.80995;0.81015;0.81039;0.81065;0.81091;0.81114;0.81134;0.8115;0.81164;0.81175;0.81184;0.81192;0.812;0.82206;0.8487;0.87758;0.90868;
4500;0.76779;0.76782;0.76793;0.76809;0.76828;0.7685;0.76874;0.76898;0.76919;0.76938;0.76952;0.76964;0.76976;0.76985;0.76992;0.77;0.78242;0.80783;0.83531;0.86492;
5000;0.72762;0.72765;0.72775;0.7279;0.72807;0.72828;0.72851;0.72874;0.72893;0.7291;0.72923;0.72933;0.72943;0.72954;0.7296;0.72967;0.74421;0.76843;0.7946;0.82275;
5500;0.68907;0.6891;0.6892;0.68933;0.6895;0.6897;0.68991;0.69013;0.69031;0.69047;0.69059;0.69067;0.69075;0.69083;0.69092;0.69011;0.7074;0.73046;0.75536;0.78214;
6000;0.65211;0.65214;0.65222;0.65236;0.65251;0.6527;0.6529;0.6531;0.65327;0.65342;0.65353;0.65361;0.65367;0.65373;0.65381;0.65259;0.67195;0.69388;0.71756;0.74303;
6500;0.61668;0.61671;0.61679;0.61691;0.61706;0.61723;0.61742;0.61761;0.61778;0.61792;0.61803;0.61809;0.61814;0.61819;0.61824;0.61875;0.63784;0.65868;0.68118;0.70538;
7000;0.58274;0.58277;0.58284;0.58296;0.5831;0.58326;0.58344;0.58362;0.58377;0.58391;0.58401;0.58407;0.58411;0.58415;0.58419;0.587;0.60509;0.62482;0.64618;0.66915;
7500;0.55025;0.55027;0.55034;0.55045;0.55058;0.55073;0.5509;0.55107;0.55122;0.55135;0.55145;0.55151;0.55154;0.55157;0.5516;0.55658;0.57367;0.5923;0.61253;0.63432;
8000;0.51916;0.51918;0.51925;0.51935;0.51947;0.5196;0.51977;0.51992;0.52007;0.52019;0.52029;0.52035;0.5204;0.5204;0.52042;0.52743;0.54352;0.56111;0.58021;0.60086;
8500;0.48943;0.48945;0.48951;0.4896;0.48971;0.48984;0.48999;0.49013;0.49027;0.49039;0.49049;0.49055;0.49058;0.4906;0.4906;0.4995;0.51469;0.53126;0.54925;0.56873;
9000;0.46101;0.46103;0.46109;0.46117;0.46127;0.46139;0.46153;0.46166;0.4618;0.46191;0.46201;0.46207;0.4621;0.46212;0.46122;0.47276;0.48708;0.50269;0.51962;0.53794;
9500;0.43387;0.43389;0.43394;0.43402;0.43411;0.43422;0.43434;0.43447;0.4346;0.43471;0.4348;0.43486;0.4349;0.43492;0.43478;0.44714;0.46066;0.47535;0.49128;0.50851;
10000;0.40797;0.40799;0.40803;0.4081;0.40818;0.40829;0.40839;0.40851;0.40863;0.40874;0.40883;0.40889;0.40893;0.40896;0.41092;0.4226;0.43535;0.4492;0.46418;0.48038;
10500;0.38326;0.38328;0.38332;0.38338;0.38346;0.38354;0.38364;0.38375;0.38386;0.38396;0.38405;0.38411;0.38416;0.38419;0.38804;0.39908;0.41113;0.42417;0.43827;0.45349;
11000;0.35972;0.35973;0.35977;0.35982;0.35988;0.35996;0.36006;0.36015;0.36025;0.36035;0.36043;0.36049;0.36054;0.36057;0.36611;0.37655;0.38791;0.40024;0.41349;0.42781;
11500;0.33245;0.33246;0.33249;0.33254;0.3326;0.33267;0.33276;0.33284;0.33294;0.33302;0.3331;0.33316;0.33321;0.33324;0.33836;0.34801;0.35852;0.36991;0.38216;0.39539;
12000;0.30724;0.30725;0.30728;0.30732;0.30738;0.30744;0.30752;0.30761;0.30769;0.30777;0.30784;0.3079;0.30794;0.30797;0.31274;0.32165;0.33135;0.34188;0.3532;0.36542;
12500;0.28395;0.28395;0.28398;0.28402;0.28407;0.28413;0.2842;0.28428;0.28436;0.28444;0.2845;0.28455;0.28459;0.28462;0.28905;0.29729;0.30626;0.31598;0.32644;0.33774;
13000;0.26242;0.26242;0.26245;0.26249;0.26253;0.26259;0.26265;0.26273;0.2628;0.26287;0.26293;0.26298;0.26302;0.26304;0.26716;0.27477;0.28306;0.29205;0.30172;0.31216;
13500;0.24252;0.24253;0.24255;0.24258;0.24263;0.24268;0.24274;0.24281;0.24288;0.24294;0.24299;0.24304;0.24307;0.2431;0.24692;0.25396;0.26162;0.26993;0.27887;0.28851;
14000;0.22413;0.22414;0.22416;0.22419;0.22423;0.22428;0.22433;0.2244;0.22446;0.22452;0.22457;0.22461;0.22464;0.22466;0.22822;0.23473;0.24181;0.24948;0.25774;0.26666;
0.8;0;0.05;0.1;0.15;0.2;0.25;0.3;0.35;0.4;0.45;0.5;0.55;0.6;0.65;0.7;0.75;0.8;0.85;0.9;0.95;
0;1.2105;1.2106;1.2108;1.2112;1.2116;1.2121;1.2126;1.213;1.2134;1.2138;1.2141;1.2143;1.2145;1.2145;1.2146;1.2145;1.2144;1.2143;1.2324;1.2763;
500;1.1535;1.1535;1.1537;1.1541;1.1545;1.1549;1.1554;1.1558;1.1562;1.1566;1.1568;1.1571;1.1572;1.1573;1.1573;1.1573;1.1572;1.1574;1.178;1.22;
1000;1.0985;1.0985;1.0987;1.099;1.0994;1.0998;1.1003;1.1007;1.1011;1.1014;1.1017;1.1019;1.102;1.1021;1.1022;1.1021;1.1021;1.1022;1.1254;1.1656;
1500;1.0455;1.0456;1.0458;1.046;1.0464;1.0468;1.0472;1.0476;1.048;1.0483;1.0486;1.0488;1.0489;1.049;1.049;1.049;1.049;1.049;1.0745;1.1131;
2000;0.99455;0.99461;0.99478;0.99504;0.99538;0.99576;0.99616;0.99652;0.99686;0.99715;0.9974;0.99761;0.99777;0.99786;0.99789;0.99788;0.99785;0.99619;1.0255;1.0622;
2500;0.9455;0.94556;0.94572;0.94597;0.94628;0.94664;0.94701;0.94736;0.94767;0.94795;0.94819;0.94839;0.94854;0.94863;0.94868;0.94868;0.94866;0.94692;0.97815;1.0132;
3000;0.89834;0.89839;0.89854;0.89877;0.89906;0.8994;0.89975;0.90007;0.90037;0.90064;0.90086;0.90105;0.9012;0.90129;0.90134;0.90136;0.90134;0.90189;0.93251;0.96585;
3500;0.853;0.85304;0.85318;0.8534;0.85367;0.85398;0.8543;0.85461;0.85489;0.85515;0.85535;0.85554;0.85568;0.85578;0.85583;0.85585;0.85585;0.85936;0.88853;0.92025;
4000;0.80943;0.80947;0.80961;0.80981;0.81006;0.81035;0.81065;0.81094;0.8112;0.81144;0.81163;0.81181;0.81195;0.81205;0.8121;0.81212;0.81212;0.81839;0.84616;0.87631;
4500;0.76759;0.76763;0.76776;0.76794;0.76817;0.76845;0.76872;0.76899;0.76924;0.76947;0.76964;0.76981;0.76994;0.77004;0.77013;0.77013;0.77013;0.77893;0.80536;0.83401;
5000;0.72743;0.72747;0.72758;0.72776;0.72797;0.72822;0.72848;0.72873;0.72897;0.72918;0.72933;0.72949;0.72962;0.72972;0.72977;0.72981;0.72996;0.74094;0.76608;0.79328;
5500;0.68891;0.68894;0.68905;0.68921;0.6894;0.68963;0.68987;0.69011;0.69033;0.69052;0.69066;0.69081;0.69094;0.69103;0.69109;0.69113;0.69115;0.70434;0.72827;0.7541;
6000;0.65196;0.652;0.65209;0.65224;0.65242;0.65263;0.65285;0.65307;0.65327;0.65345;0.65359;0.65372;0.65384;0.65393;0.65399;0.65403;0.65404;0.66913;0.69187;0.7164;
6500;0.61656;0.61659;0.61668;0.61682;0.61698;0.61717;0.61738;0.61758;0.61777;0.61793;0.61806;0.61818;0.61829;0.61837;0.61843;0.61847;0.61724;0.63527;0.65685;0.68013;
7000;0.58263;0.58266;0.58274;0.58287;0.58303;0.58321;0.5834;0.58359;0.58376;0.58391;0.58402;0.58413;0.58423;0.58431;0.58437;0.58442;0.58395;0.60276;0.62319;0.64526;
7500;0.55014;0.55017;0.55025;0.55037;0.55051;0.55068;0.55086;0.55105;0.55121;0.55135;0.55145;0.55154;0.55163;0.5517;0.55176;0.55181;0.55357;0.57143;0.59085;0.61176;
8000;0.51906;0.51908;0.51916;0.51926;0.5194;0.51955;0.51972;0.51989;0.52005;0.52019;0.52028;0.52036;0.52045;0.52051;0.52056;0.52061;0.52443;0.54137;0.55977;0.57959;
8500;0.48934;0.48936;0.48943;0.48953;0.48965;0.4898;0.48996;0.49011;0.49025;0.49038;0.49048;0.49056;0.49063;0.49069;0.49073;0.49077;0.49644;0.51251;0.52993;0.54869;
9000;0.46094;0.46096;0.46103;0.46112;0.46123;0.46137;0.46152;0.46166;0.46179;0.4619;0.46199;0.46206;0.46214;0.46219;0.46223;0.46226;0.46958;0.48481;0.50129;0.51904;
9500;0.43382;0.43384;0.4339;0.43399;0.4341;0.43422;0.43436;0.43449;0.43461;0.43471;0.43479;0.43485;0.43492;0.43497;0.43501;0.43503;0.4438;0.45822;0.47382;0.4906;
10000;0.40794;0.40796;0.40801;0.4081;0.4082;0.40831;0.40844;0.40856;0.40868;0.40877;0.40884;0.40889;0.40894;0.40898;0.40904;0.40839;0.41908;0.43273;0.44748;0.46333;
10500;0.38326;0.38327;0.38332;0.3834;0.38349;0.3836;0.38372;0.38384;0.38395;0.38403;0.3841;0.38414;0.38418;0.38421;0.38425;0.38369;0.3954;0.40829;0.42224;0.4372;
11000;0.35973;0.35975;0.35979;0.35987;0.35995;0.36005;0.36016;0.36027;0.36038;0.36046;0.36052;0.36056;0.36059;0.36063;0.36064;0.36155;0.37272;0.38489;0.39803;0.41217;
11500;0.33245;0.33247;0.33251;0.33258;0.33266;0.33275;0.33285;0.33296;0.33305;0.33313;0.33319;0.33322;0.33325;0.33329;0.33329;0.33416;0.34449;0.35573;0.36787;0.38093;
12000;0.30724;0.30726;0.3073;0.30736;0.30744;0.30752;0.30762;0.30771;0.3078;0.30787;0.30792;0.30796;0.30798;0.30802;0.30802;0.30885;0.3184;0.32879;0.34;0.35208;
12500;0.28395;0.28396;0.284;0.28406;0.28412;0.2842;0.28429;0.28438;0.28446;0.28452;0.28458;0.28461;0.28463;0.28466;0.28467;0.28546;0.29428;0.30388;0.31425;0.32541;
13000;0.26242;0.26243;0.26246;0.26252;0.26258;0.26265;0.26273;0.26282;0.26289;0.26295;0.263;0.26303;0.26305;0.26308;0.26309;0.26383;0.27199;0.28086;0.29044;0.30076;
13500;0.24252;0.24253;0.24256;0.24261;0.24267;0.24274;0.24281;0.24289;0.24296;0.24301;0.24306;0.24309;0.24311;0.24313;0.24314;0.24385;0.25139;0.25959;0.26844;0.27798;
14000;0.22413;0.22414;0.22417;0.22421;0.22427;0.22433;0.2244;0.22447;0.22454;0.22459;0.22463;0.22466;0.22467;0.2247;0.2247;0.22538;0.23234;0.23993;0.24811;0.25692;
0.75;0;0.05;0.1;0.15;0.2;0.25;0.3;0.35;0.4;0.45;0.5;0.55;0.6;0.65;0.7;0.75;0.8;0.85;0.9;0.95;
0;1.211;1.2111;1.2113;1.2117;1.2121;1.2127;1.2132;1.2136;1.214;1.2144;1.2146;1.2148;1.2148;1.2148;1.2146;1.2142;1.2136;1.2128;1.2119;1.2279;
500;1.1539;1.1539;1.1542;1.1545;1.155;1.1554;1.1559;1.1564;1.1568;1.1571;1.1573;1.1575;1.1575;1.1575;1.1573;1.157;1.1565;1.1558;1.1551;1.1742;
1000;1.0988;1.0989;1.0991;1.0994;1.0999;1.1003;1.1008;1.1012;1.1016;1.1019;1.1021;1.1023;1.1023;1.1023;1.1022;1.1019;1.1015;1.1009;1.1006;1.1223;
1500;1.0458;1.0459;1.0461;1.0464;1.0468;1.0473;1.0477;1.0481;1.0484;1.0487;1.049;1.0491;1.0492;1.0492;1.0491;1.0488;1.0485;1.048;1.0477;1.072;
2000;0.99481;0.99487;0.99506;0.99535;0.99574;0.99616;0.99658;0.99695;0.99729;0.99757;0.99779;0.99795;0.99803;0.99803;0.99795;0.99776;0.99745;0.99708;0.99618;1.0234;
2500;0.94572;0.94578;0.94596;0.94624;0.9466;0.94699;0.94739;0.94775;0.94807;0.94833;0.94855;0.94871;0.94879;0.9488;0.94874;0.94859;0.94834;0.94803;0.9458;0.97643;
3000;0.89851;0.89856;0.89873;0.89899;0.89934;0.89971;0.90009;0.90043;0.90073;0.90098;0.90119;0.90135;0.90142;0.90145;0.90141;0.90129;0.90108;0.90084;0.89959;0.93102;
3500;0.85312;0.85317;0.85333;0.85358;0.8539;0.85425;0.85461;0.85493;0.85522;0.85546;0.85567;0.85582;0.85589;0.85593;0.8559;0.85581;0.85564;0.85544;0.85691;0.88718;
4000;0.80951;0.80956;0.8097;0.80994;0.81024;0.81057;0.81091;0.81122;0.81149;0.81173;0.81192;0.81207;0.81215;0.81218;0.81217;0.8121;0.81197;0.8118;0.81594;0.84485;
4500;0.76762;0.76767;0.76781;0.76803;0.76831;0.76863;0.76895;0.76924;0.76949;0.76972;0.76991;0.77006;0.77013;0.77017;0.77017;0.77011;0.77002;0.76988;0.77644;0.80403;
5000;0.72742;0.72747;0.7276;0.7278;0.72807;0.72836;0.72867;0.72894;0.72919;0.7294;0.72958;0.72972;0.7298;0.72985;0.72985;0.72981;0.72974;0.72963;0.73838;0.76468;
5500;0.68886;0.6889;0.68902;0.68921;0.68946;0.68974;0.69002;0.69029;0.69051;0.69072;0.69089;0.69103;0.69111;0.69116;0.69117;0.69113;0.69108;0.691;0.70174;0.72677;
6000;0.65188;0.65192;0.65203;0.65221;0.65244;0.6527;0.65297;0.65322;0.65343;0.65362;0.65379;0.65393;0.65401;0.65406;0.65407;0.65405;0.65401;0.65395;0.66647;0.69027;
6500;0.61644;0.61647;0.61658;0.61675;0.61696;0.61721;0.61746;0.61769;0.61789;0.61808;0.61823;0.61837;0.61845;0.6185;0.61852;0.61852;0.61848;0.61833;0.63257;0.65516;
7000;0.5825;0.58253;0.58263;0.58279;0.58299;0.58321;0.58344;0.58366;0.58386;0.58403;0.58418;0.5843;0.58439;0.58444;0.58447;0.58446;0.58444;0.58379;0.59996;0.62142;
7500;0.55001;0.55004;0.55013;0.55028;0.55046;0.55067;0.55089;0.55109;0.55127;0.55143;0.55157;0.5517;0.55178;0.55184;0.55186;0.55186;0.55186;0.55072;0.56866;0.58899;
8000;0.51892;0.51895;0.51904;0.51917;0.51934;0.51954;0.51974;0.51993;0.5201;0.52025;0.52038;0.5205;0.52058;0.52064;0.52067;0.52067;0.52067;0.52096;0.53862;0.55785;
8500;0.48921;0.48924;0.48932;0.48944;0.4896;0.48978;0.48996;0.49014;0.4903;0.49044;0.49056;0.49067;0.49075;0.49081;0.49084;0.49085;0.49086;0.49311;0.50982;0.52798;
9000;0.46081;0.46084;0.46091;0.46103;0.46117;0.46134;0.46151;0.46167;0.46182;0.46196;0.46207;0.46217;0.46225;0.46231;0.46234;0.46235;0.46236;0.46641;0.48221;0.49936;
9500;0.4337;0.43373;0.43379;0.4339;0.43403;0.43418;0.43434;0.43449;0.43463;0.43475;0.43486;0.43495;0.43503;0.43509;0.43512;0.43514;0.43515;0.44082;0.45576;0.47195;
10000;0.40783;0.40785;0.40792;0.40801;0.40813;0.40827;0.40841;0.40855;0.40869;0.4088;0.4089;0.40898;0.40905;0.40911;0.40914;0.40916;0.40917;0.41631;0.43043;0.4457;
10500;0.38316;0.38318;0.38324;0.38333;0.38343;0.38356;0.38369;0.38382;0.38394;0.38405;0.38414;0.38421;0.38428;0.38433;0.38437;0.38439;0.38439;0.39284;0.40617;0.42059;
11000;0.35965;0.35967;0.35972;0.3598;0.3599;0.36001;0.36013;0.36025;0.36036;0.36046;0.36054;0.36061;0.36067;0.36072;0.36076;0.36078;0.36009;0.37039;0.38295;0.39651;
11500;0.33238;0.3324;0.33245;0.33252;0.33261;0.33272;0.33283;0.33294;0.33304;0.33313;0.3332;0.33326;0.33332;0.33337;0.3334;0.33342;0.33278;0.34233;0.35394;0.36647;
12000;0.30718;0.30719;0.30724;0.30731;0.30739;0.30749;0.30759;0.30769;0.30779;0.30787;0.30794;0.308;0.30805;0.3081;0.30812;0.30814;0.30754;0.3164;0.32713;0.33871;
12500;0.28389;0.2839;0.28394;0.28401;0.28408;0.28417;0.28427;0.28436;0.28445;0.28453;0.28459;0.28464;0.28469;0.28474;0.28476;0.28478;0.28421;0.29243;0.30235;0.31305;
13000;0.26236;0.26237;0.26241;0.26247;0.26254;0.26263;0.26271;0.2628;0.26288;0.26295;0.26301;0.26306;0.26311;0.26315;0.26317;0.26319;0.26266;0.27028;0.27945;0.28934;
13500;0.24247;0.24248;0.24252;0.24257;0.24264;0.24271;0.2428;0.24288;0.24295;0.24302;0.24307;0.24312;0.24316;0.2432;0.24322;0.24323;0.24274;0.2498;0.25828;0.26742;
14000;0.22408;0.22409;0.22413;0.22418;0.22424;0.22431;0.22439;0.22446;0.22453;0.22459;0.22464;0.22468;0.22472;0.22476;0.22478;0.22479;0.22433;0.23088;0.23871;0.24716;
0.7;0;0.05;0.1;0.15;0.2;0.25;0.3;0.35;0.4;0.45;0.5;0.55;0.6;0.65;0.7;0.75;0.8;0.85;0.9;0.95;
0;1.212;1.2121;1.2123;1.2127;1.2131;1.2136;1.2141;1.2146;1.2149;1.2151;1.2153;1.2153;1.2151;1.2146;1.2138;1.2124;1.2105;1.2083;1.2059;1.2037;
500;1.1548;1.1549;1.1551;1.1554;1.1559;1.1564;1.1568;1.1572;1.1576;1.1578;1.1579;1.158;1.1578;1.1574;1.1567;1.1555;1.1538;1.1518;1.1497;1.1478;
1000;1.0997;1.0997;1.0999;1.1003;1.1007;1.1012;1.1016;1.102;1.1023;1.1026;1.1027;1.1027;1.1027;1.1023;1.1016;1.1006;1.0991;1.0973;1.0954;1.0938;
1500;1.0466;1.0466;1.0468;1.0472;1.0476;1.048;1.0485;1.0488;1.0491;1.0494;1.0495;1.0496;1.0495;1.0492;1.0486;1.0477;1.0464;1.0448;1.0432;1.0418;
2000;0.99548;0.99554;0.99573;0.99604;0.99643;0.99686;0.99728;0.99764;0.99795;0.99818;0.99832;0.99837;0.99833;0.99807;0.99758;0.9968;0.99565;0.99425;0.99277;0.99157;
2500;0.94631;0.94637;0.94656;0.94685;0.94722;0.94763;0.94803;0.94838;0.94868;0.94891;0.94904;0.9491;0.94909;0.94887;0.94845;0.94778;0.94678;0.94555;0.94425;0.94315;
3000;0.89903;0.89909;0.89926;0.89954;0.8999;0.90029;0.90067;0.901;0.90129;0.90151;0.90165;0.90172;0.90172;0.90154;0.90119;0.90061;0.89974;0.89867;0.89754;0.89538;
3500;0.85358;0.85364;0.8538;0.85407;0.85441;0.85478;0.85514;0.85546;0.85574;0.85596;0.8561;0.85617;0.85618;0.85604;0.85574;0.85526;0.8545;0.85357;0.85259;0.85008;
4000;0.80992;0.80997;0.81013;0.81038;0.8107;0.81105;0.8114;0.8117;0.81197;0.81218;0.81232;0.8124;0.81242;0.81231;0.81207;0.81165;0.811;0.8102;0.80936;0.80905;
4500;0.76799;0.76804;0.76818;0.76842;0.76873;0.76906;0.76939;0.76968;0.76993;0.77014;0.77028;0.77036;0.77039;0.7703;0.77011;0.76975;0.76921;0.76853;0.7678;0.77042;
5000;0.72774;0.72779;0.72793;0.72815;0.72844;0.72876;0.72907;0.72934;0.72959;0.72979;0.72993;0.73001;0.73004;0.72998;0.72982;0.72952;0.72907;0.72849;0.72788;0.73314;
5500;0.68913;0.68918;0.68931;0.68952;0.68979;0.69009;0.69038;0.69064;0.69088;0.69107;0.69121;0.69129;0.69133;0.69129;0.69116;0.69091;0.69054;0.69005;0.68954;0.69718;
6000;0.65212;0.65216;0.65228;0.65248;0.65274;0.65302;0.65329;0.65354;0.65376;0.65395;0.65408;0.65417;0.65421;0.65418;0.65408;0.65388;0.65358;0.65317;0.65275;0.66253;
6500;0.61664;0.61668;0.6168;0.61698;0.61723;0.61749;0.61775;0.61799;0.6182;0.61837;0.6185;0.61859;0.61864;0.61862;0.61854;0.61838;0.61813;0.6178;0.61745;0.62917;
7000;0.58267;0.58271;0.58281;0.58299;0.58322;0.58346;0.58371;0.58393;0.58413;0.5843;0.58443;0.58451;0.58456;0.58455;0.58449;0.58437;0.58416;0.5839;0.58361;0.59701;
7500;0.55015;0.55018;0.55028;0.55045;0.55066;0.55089;0.55113;0.55133;0.55152;0.55168;0.5518;0.55189;0.55194;0.55194;0.5519;0.5518;0.55163;0.55143;0.55083;0.56608;
8000;0.51903;0.51906;0.51916;0.51931;0.51951;0.51973;0.51995;0.52015;0.52033;0.52047;0.5206;0.52068;0.52073;0.52074;0.52071;0.52063;0.52049;0.52034;0.51907;0.53631;
8500;0.48928;0.48931;0.4894;0.48955;0.48973;0.48994;0.49014;0.49033;0.4905;0.49064;0.49076;0.49084;0.49089;0.4909;0.49088;0.49083;0.49073;0.4906;0.49045;0.5077;
9000;0.46086;0.46089;0.46097;0.4611;0.46128;0.46147;0.46166;0.46184;0.462;0.46213;0.46224;0.46232;0.46238;0.46239;0.46238;0.46234;0.46226;0.46216;0.46382;0.4802;
9500;0.43371;0.43374;0.43382;0.43394;0.43411;0.43428;0.43447;0.43463;0.43478;0.43491;0.43502;0.4351;0.43515;0.43516;0.43516;0.43513;0.43507;0.435;0.4383;0.45382;
10000;0.40781;0.40784;0.40791;0.40803;0.40818;0.40834;0.40852;0.40867;0.40881;0.40893;0.40903;0.40911;0.40916;0.40918;0.40919;0.40917;0.40912;0.40907;0.41382;0.42853;
10500;0.38312;0.38314;0.38321;0.38332;0.38345;0.38361;0.38377;0.38392;0.38404;0.38416;0.38426;0.38433;0.38438;0.38441;0.38442;0.3844;0.38437;0.38433;0.39038;0.40428;
11000;0.35958;0.3596;0.35967;0.35977;0.3599;0.36004;0.36019;0.36032;0.36045;0.36055;0.36065;0.36072;0.36077;0.3608;0.36081;0.3608;0.36077;0.36075;0.36794;0.38107;
11500;0.33232;0.33234;0.3324;0.33249;0.33261;0.33274;0.33287;0.333;0.33311;0.33321;0.3333;0.33337;0.33342;0.33344;0.33345;0.33345;0.33342;0.3334;0.34007;0.3522;
12000;0.30712;0.30714;0.30719;0.30728;0.30739;0.30751;0.30763;0.30775;0.30786;0.30795;0.30803;0.30809;0.30814;0.30816;0.30817;0.30816;0.30814;0.30812;0.31431;0.32553;
12500;0.28383;0.28385;0.2839;0.28398;0.28408;0.28419;0.28431;0.28442;0.28451;0.2846;0.28467;0.28473;0.28477;0.28479;0.2848;0.2848;0.28478;0.28476;0.2905;0.30087;
13000;0.26231;0.26232;0.26237;0.26244;0.26254;0.26264;0.26275;0.26285;0.26294;0.26302;0.26309;0.26314;0.26318;0.2632;0.26321;0.26321;0.26319;0.26317;0.2685;0.27808;
13500;0.24242;0.24243;0.24248;0.24254;0.24263;0.24273;0.24283;0.24292;0.243;0.24308;0.24314;0.24319;0.24323;0.24324;0.24325;0.24325;0.24323;0.24322;0.24816;0.25702;
14000;0.22404;0.22405;0.22409;0.22415;0.22423;0.22432;0.22441;0.2245;0.22458;0.22465;0.2247;0.22475;0.22478;0.2248;0.22481;0.22481;0.22479;0.22478;0.22936;0.23755;
0.65;0;0.05;0.1;0.15;0.2;0.25;0.3;0.35;0.4;0.45;0.5;0.55;0.6;0.65;0.7;0.75;0.8;0.85;0.9;0.95;
0;1.2132;1.2133;1.2135;1.2139;1.2143;1.2147;1.2151;1.2154;1.2156;1.2156;1.2156;1.2153;1.2145;1.2133;1.2114;1.2086;1.2048;1.2002;1.1948;1.1889;
500;1.156;1.156;1.1563;1.1566;1.157;1.1574;1.1578;1.1581;1.1583;1.1583;1.1583;1.158;1.1573;1.1563;1.1545;1.1519;1.1485;1.1443;1.1392;1.1342;
1000;1.1008;1.1009;1.1011;1.1014;1.1018;1.1022;1.1026;1.1029;1.1031;1.1031;1.1031;1.1029;1.1022;1.1013;1.0997;1.0974;1.0943;1.0905;1.0861;1.0814;
1500;1.0477;1.0477;1.0479;1.0482;1.0486;1.049;1.0494;1.0497;1.0499;1.0499;1.0499;1.0497;1.0492;1.0483;1.0469;1.0448;1.042;1.0386;1.0347;1.0304;
2000;0.99651;0.99658;0.99676;0.99705;0.99741;0.9978;0.99816;0.99846;0.99865;0.99874;0.99874;0.99859;0.99811;0.99731;0.99603;0.99411;0.99159;0.98853;0.98504;0.98128;
2500;0.94729;0.94736;0.94753;0.94781;0.94815;0.94853;0.94888;0.94917;0.94936;0.94946;0.94947;0.94936;0.94895;0.94823;0.94707;0.94534;0.94307;0.94032;0.93719;0.9339;
3000;0.89996;0.90002;0.90019;0.90045;0.90078;0.90114;0.90148;0.90176;0.90195;0.90206;0.90208;0.90199;0.90165;0.901;0.89997;0.89842;0.89637;0.8939;0.89112;0.8882;
3500;0.85445;0.85451;0.85467;0.85492;0.85524;0.85558;0.85591;0.85618;0.85638;0.85648;0.85652;0.85646;0.85616;0.8556;0.85468;0.85329;0.85144;0.84924;0.84676;0.84419;
4000;0.81073;0.81078;0.81094;0.81118;0.81148;0.81181;0.81212;0.81239;0.81258;0.81269;0.81274;0.81269;0.81245;0.81195;0.81114;0.8099;0.80825;0.80627;0.80407;0.80182;
4500;0.76874;0.76879;0.76893;0.76916;0.76945;0.76977;0.77007;0.77033;0.77052;0.77063;0.77069;0.77065;0.77046;0.77003;0.76932;0.7682;0.76673;0.76498;0.76302;0.76105;
5000;0.72843;0.72848;0.72862;0.72884;0.72911;0.72941;0.7297;0.72995;0.73014;0.73026;0.73032;0.7303;0.73014;0.72977;0.72916;0.72817;0.72686;0.72529;0.72357;0.72185;
5500;0.68976;0.68981;0.68994;0.69015;0.69041;0.6907;0.69098;0.69122;0.6914;0.69152;0.69159;0.69158;0.69146;0.69114;0.69061;0.68974;0.68858;0.68719;0.68567;0.68418;
6000;0.65268;0.65273;0.65285;0.65305;0.6533;0.65358;0.65385;0.65408;0.65426;0.65438;0.65445;0.65445;0.65436;0.65409;0.65363;0.65287;0.65185;0.65062;0.64929;0.64799;
6500;0.61715;0.61719;0.61731;0.6175;0.61774;0.618;0.61826;0.61848;0.61865;0.61878;0.61885;0.61886;0.61879;0.61857;0.61817;0.61752;0.61663;0.61555;0.61438;0.61326;
7000;0.58312;0.58316;0.58327;0.58345;0.58368;0.58393;0.58417;0.58438;0.58455;0.58468;0.58476;0.58477;0.58472;0.58454;0.5842;0.58364;0.58287;0.58192;0.58091;0.57995;
7500;0.55054;0.55058;0.55068;0.55085;0.55107;0.55131;0.55154;0.55174;0.55191;0.55204;0.55211;0.55214;0.5521;0.55196;0.55166;0.5512;0.55053;0.5497;0.54883;0.54801;
8000;0.51938;0.51941;0.51951;0.51967;0.51988;0.52011;0.52033;0.52052;0.52068;0.5208;0.52088;0.52091;0.52089;0.52077;0.52053;0.52014;0.51956;0.51885;0.5181;0.5174;
8500;0.48959;0.48962;0.48971;0.48986;0.49006;0.49027;0.49048;0.49067;0.49083;0.49094;0.49102;0.49106;0.49105;0.49095;0.49076;0.49043;0.48994;0.48933;0.48869;0.48807;
9000;0.46112;0.46115;0.46124;0.46138;0.46157;0.46177;0.46197;0.46214;0.46229;0.46241;0.46249;0.46253;0.46253;0.46245;0.46229;0.46202;0.46161;0.46109;0.46055;0.45908;
9500;0.43394;0.43397;0.43406;0.43419;0.43437;0.43455;0.43474;0.43491;0.43505;0.43516;0.43524;0.43528;0.43529;0.43524;0.43511;0.43488;0.43454;0.43411;0.43365;0.43336;
10000;0.40801;0.40804;0.40812;0.40824;0.40841;0.40858;0.40876;0.40892;0.40905;0.40916;0.40924;0.40928;0.4093;0.40926;0.40916;0.40897;0.4087;0.40833;0.40796;0.40951;
10500;0.38328;0.38331;0.38338;0.3835;0.38365;0.38382;0.38399;0.38413;0.38426;0.38437;0.38445;0.38449;0.38451;0.38448;0.3844;0.38425;0.38403;0.38373;0.38343;0.38662;
11000;0.35972;0.35975;0.35981;0.35992;0.36007;0.36022;0.36038;0.36052;0.36064;0.36074;0.36082;0.36086;0.36088;0.36087;0.36081;0.36069;0.36052;0.36028;0.36002;0.36466;
11500;0.33245;0.33247;0.33253;0.33263;0.33277;0.33291;0.33305;0.33318;0.33329;0.33339;0.33346;0.3335;0.33352;0.33351;0.33345;0.33334;0.33318;0.33297;0.33273;0.33704;
12000;0.30724;0.30726;0.30732;0.30741;0.30753;0.30767;0.3078;0.30792;0.30802;0.30811;0.30817;0.30821;0.30823;0.30822;0.30817;0.30807;0.30792;0.30773;0.30751;0.31152;
12500;0.28394;0.28396;0.28401;0.2841;0.28421;0.28434;0.28446;0.28457;0.28467;0.28475;0.28481;0.28484;0.28486;0.28485;0.2848;0.28471;0.28458;0.2844;0.28419;0.28793;
13000;0.26241;0.26243;0.26248;0.26256;0.26266;0.26278;0.26289;0.26299;0.26308;0.26316;0.26321;0.26325;0.26326;0.26325;0.26321;0.26313;0.263;0.26284;0.26265;0.26612;
13500;0.24251;0.24253;0.24257;0.24265;0.24275;0.24285;0.24296;0.24305;0.24313;0.2432;0.24325;0.24329;0.2433;0.24329;0.24325;0.24318;0.24306;0.24291;0.24274;0.24597;
14000;0.22412;0.22414;0.22418;0.22425;0.22434;0.22444;0.22453;0.22462;0.2247;0.22476;0.22481;0.22484;0.22485;0.22485;0.22481;0.22474;0.22464;0.2245;0.22434;0.22734;
0.6;0;0.05;0.1;0.15;0.2;0.25;0.3;0.35;0.4;0.45;0.5;0.55;0.6;0.65;0.7;0.75;0.8;0.85;0.9;0.95;
0;1.2139;1.214;1.2142;1.2145;1.2149;1.2153;1.2156;1.2158;1.2158;1.2157;1.2152;1.2142;1.213;1.2109;1.2072;1.2018;1.1945;1.1853;1.174;-9999;
500;1.1567;1.1568;1.157;1.1572;1.1576;1.158;1.1583;1.1585;1.1585;1.1584;1.158;1.1571;1.156;1.154;1.1507;1.1457;1.1391;1.1307;1.1204;-9999;
1000;1.1015;1.1016;1.1018;1.1021;1.1024;1.1027;1.103;1.1032;1.1033;1.1032;1.1028;1.102;1.101;1.0992;1.0961;1.0916;1.0856;1.078;1.0686;-9999;
1500;1.0484;1.0485;1.0486;1.0489;1.0492;1.0496;1.0498;1.05;1.0501;1.05;1.0497;1.049;1.048;1.0464;1.0436;1.0395;1.034;1.0271;1.0186;1.0085;
2000;0.99724;0.9973;0.99748;0.99773;0.99804;0.99837;0.99864;0.99884;0.9989;0.99885;0.99858;0.99792;0.99702;0.99557;0.99302;0.9893;0.98429;0.97802;0.97039;0.96133;
2500;0.94802;0.94808;0.94825;0.94849;0.94879;0.94911;0.94937;0.94956;0.94964;0.9496;0.94937;0.94879;0.94794;0.94661;0.94432;0.94093;0.93641;0.93072;0.92384;0.91574;
3000;0.90069;0.90074;0.9009;0.90113;0.90142;0.90173;0.90198;0.90217;0.90225;0.90222;0.90203;0.90152;0.90073;0.89952;0.89745;0.89439;0.89028;0.88513;0.87896;0.87172;
3500;0.85518;0.85523;0.85538;0.85561;0.85588;0.85618;0.85642;0.85661;0.85669;0.85667;0.85651;0.85607;0.85534;0.85424;0.85237;0.8496;0.84588;0.84124;0.83569;0.82925;
4000;0.81145;0.8115;0.81165;0.81186;0.81212;0.81241;0.81265;0.81282;0.81291;0.8129;0.81277;0.81238;0.81172;0.81072;0.80904;0.80654;0.80319;0.799;0.79402;0.78829;
4500;0.76945;0.7695;0.76964;0.76985;0.7701;0.77037;0.7706;0.77078;0.77086;0.77087;0.77076;0.77043;0.76982;0.76891;0.7674;0.76515;0.76212;0.75837;0.75391;0.74882;
5000;0.72914;0.72919;0.72932;0.72951;0.72975;0.73001;0.73024;0.73041;0.7305;0.73051;0.73042;0.73014;0.72959;0.72877;0.72741;0.72539;0.72267;0.71932;0.71533;0.71081;
5500;0.69046;0.6905;0.69063;0.69081;0.69104;0.69129;0.69151;0.69168;0.69177;0.69179;0.69172;0.69148;0.69099;0.69025;0.68903;0.68721;0.68478;0.68177;0.67823;0.67424;
6000;0.65337;0.65341;0.65353;0.65371;0.65392;0.65416;0.65438;0.65454;0.65463;0.65466;0.6546;0.65441;0.65397;0.6533;0.65221;0.65058;0.6484;0.64572;0.64258;0.63907;
6500;0.61782;0.61786;0.61797;0.61814;0.61835;0.61858;0.61879;0.61894;0.61904;0.61907;0.61903;0.61887;0.61848;0.61788;0.6169;0.61545;0.61351;0.61112;0.60834;0.60527;
7000;0.58376;0.5838;0.58391;0.58407;0.58427;0.58449;0.58469;0.58485;0.58494;0.58497;0.58495;0.58482;0.58447;0.58395;0.58307;0.58177;0.58004;0.57793;0.57541;0.57277;
7500;0.55115;0.55119;0.55129;0.55145;0.55164;0.55185;0.55205;0.55221;0.5523;0.55234;0.55232;0.55222;0.55192;0.55145;0.55067;0.54951;0.54798;0.5461;0.54394;0.54159;
8000;0.51995;0.51999;0.52009;0.52024;0.52042;0.52062;0.52081;0.52097;0.52107;0.52111;0.5211;0.52102;0.52077;0.52034;0.51965;0.51863;0.51727;0.51562;0.51372;0.51167;
8500;0.49012;0.49016;0.49025;0.49039;0.49057;0.49076;0.49095;0.4911;0.4912;0.49125;0.49125;0.49119;0.49097;0.4906;0.48999;0.48909;0.48788;0.48643;0.48476;0.48297;
9000;0.46162;0.46165;0.46174;0.46188;0.46205;0.46223;0.46241;0.46255;0.46265;0.46271;0.46272;0.46267;0.4625;0.46217;0.46163;0.46084;0.45978;0.4585;0.45704;0.45551;
9500;0.43441;0.43444;0.43452;0.43465;0.43481;0.43499;0.43515;0.43529;0.43539;0.43545;0.43547;0.43544;0.43529;0.43501;0.43455;0.43385;0.43291;0.43179;0.43053;0.42921;
10000;0.40844;0.40846;0.40854;0.40866;0.40882;0.40898;0.40915;0.40928;0.40938;0.40944;0.40946;0.40944;0.40933;0.40909;0.40869;0.40807;0.40725;0.40628;0.40518;0.40405;
10500;0.38367;0.3837;0.38377;0.38388;0.38403;0.38419;0.38434;0.38447;0.38457;0.38463;0.38466;0.38465;0.38456;0.38436;0.38402;0.38348;0.38277;0.38191;0.38097;0.38;
11000;0.36007;0.36009;0.36016;0.36027;0.36041;0.36056;0.36071;0.36083;0.36093;0.36099;0.36103;0.36102;0.36095;0.36078;0.3605;0.36003;0.35941;0.35867;0.35786;0.35704;
11500;0.33276;0.33279;0.33285;0.33295;0.33308;0.33322;0.33336;0.33347;0.33356;0.33362;0.33365;0.33365;0.33358;0.33343;0.33316;0.33274;0.33216;0.33148;0.33073;0.32997;
12000;0.30753;0.30755;0.30761;0.3077;0.30782;0.30795;0.30808;0.30819;0.30827;0.30832;0.30835;0.30835;0.30829;0.30815;0.30791;0.30751;0.30698;0.30635;0.30566;0.30496;
12500;0.28421;0.28423;0.28429;0.28437;0.28448;0.2846;0.28472;0.28482;0.28489;0.28495;0.28497;0.28497;0.28492;0.28479;0.28456;0.2842;0.28371;0.28313;0.28249;0.28185;
13000;0.26266;0.26268;0.26273;0.26281;0.26291;0.26302;0.26313;0.26322;0.26329;0.26334;0.26336;0.26336;0.26331;0.26319;0.26299;0.26265;0.2622;0.26167;0.26108;0.26048;
13500;0.24274;0.24276;0.24281;0.24288;0.24297;0.24308;0.24318;0.24326;0.24333;0.24337;0.24339;0.24339;0.24335;0.24324;0.24305;0.24274;0.24233;0.24183;0.24129;0.24074;
14000;0.22434;0.22435;0.22439;0.22446;0.22455;0.22464;0.22474;0.22482;0.22488;0.22492;0.22494;0.22494;0.2249;0.2248;0.22462;0.22434;0.22396;0.2235;0.223;0.22249;
0.55;0;0.05;0.1;0.15;0.2;0.25;0.3;0.35;0.4;0.45;0.5;0.55;0.6;0.65;0.7;0.75;0.8;0.85;0.9;0.95;
0;1.2147;1.2147;1.2149;1.2152;1.2155;1.2158;1.2159;1.216;1.2158;1.2153;1.2142;1.2129;1.2108;1.2064;1.1996;1.1899;1.1766;-9999;-9999;-9999;
500;1.1574;1.1574;1.1576;1.1579;1.1582;1.1584;1.1586;1.1587;1.1585;1.1581;1.1571;1.1558;1.1539;1.1499;1.1437;1.1347;1.1225;-9999;-9999;-9999;
1000;1.1022;1.1022;1.1024;1.1027;1.1029;1.1032;1.1034;1.1034;1.1033;1.1029;1.102;1.1008;1.0991;1.0955;1.0897;1.0815;1.0703;-9999;-9999;-9999;
1500;1.049;1.0491;1.0492;1.0495;1.0497;1.05;1.0502;1.0503;1.0501;1.0498;1.0489;1.0478;1.0463;1.043;1.0377;1.0301;1.0199;-9999;-9999;-9999;
2000;0.99784;0.9979;0.99805;0.99828;0.99854;0.99879;0.99896;0.99905;0.99896;0.99864;0.99787;0.99683;0.9954;0.99241;0.98757;0.98066;0.97129;0.95885;-9999;-9999;
2500;0.9486;0.94865;0.9488;0.94902;0.94927;0.94952;0.94968;0.94977;0.9497;0.94942;0.94872;0.94774;0.94643;0.94373;0.93922;0.93298;0.92443;0.91314;-9999;-9999;
3000;0.90124;0.90129;0.90143;0.90164;0.90188;0.90212;0.90229;0.90238;0.90232;0.90208;0.90144;0.90052;0.89933;0.89689;0.89287;0.88707;0.87927;0.86903;-9999;-9999;
3500;0.8557;0.85575;0.85589;0.85609;0.85632;0.85656;0.85672;0.85681;0.85677;0.85656;0.85599;0.85513;0.85403;0.85184;0.84817;0.84289;0.83578;0.8265;-9999;-9999;
4000;0.81195;0.812;0.81213;0.81232;0.81255;0.81277;0.81293;0.81303;0.813;0.81282;0.81231;0.8115;0.81051;0.80854;0.8052;0.80039;0.79393;0.78551;-9999;-9999;
4500;0.76993;0.76998;0.7701;0.77028;0.7705;0.77072;0.77088;0.77098;0.77096;0.7708;0.77035;0.7696;0.76869;0.76692;0.7639;0.75952;0.75366;0.74606;-9999;-9999;
5000;0.72959;0.72964;0.72975;0.72993;0.73014;0.73035;0.73051;0.73061;0.7306;0.73047;0.73007;0.72937;0.72854;0.72696;0.72422;0.72025;0.71494;0.70808;-9999;-9999;
5500;0.69089;0.69093;0.69105;0.69122;0.69142;0.69162;0.69178;0.69188;0.69188;0.69177;0.69142;0.69077;0.69002;0.6886;0.68612;0.68253;0.67773;0.67155;0.66371;-9999;
6000;0.65378;0.65382;0.65393;0.65409;0.65429;0.65449;0.65464;0.65474;0.65474;0.65465;0.65435;0.65376;0.65307;0.6518;0.64957;0.64632;0.64199;0.63643;0.62942;-9999;
6500;0.61822;0.61826;0.61836;0.61851;0.6187;0.61889;0.61904;0.61914;0.61915;0.61908;0.61882;0.61828;0.61765;0.61652;0.61451;0.61159;0.60768;0.60269;0.59644;-9999;
7000;0.58416;0.58419;0.58429;0.58444;0.58461;0.5848;0.58494;0.58505;0.58506;0.585;0.58478;0.58429;0.58372;0.5827;0.5809;0.57828;0.57476;0.57029;0.56472;-9999;
7500;0.55155;0.55158;0.55167;0.55181;0.55198;0.55216;0.5523;0.5524;0.55243;0.55238;0.55219;0.55175;0.55123;0.55032;0.54871;0.54635;0.5432;0.5392;0.53425;-9999;
8000;0.52035;0.52038;0.52047;0.5206;0.52076;0.52094;0.52107;0.52117;0.5212;0.52116;0.521;0.52062;0.52014;0.51933;0.51789;0.51578;0.51296;0.50938;0.505;-9999;
8500;0.49052;0.49055;0.49063;0.49076;0.49091;0.49108;0.49121;0.49131;0.49134;0.49131;0.49118;0.49085;0.4904;0.48968;0.4884;0.48651;0.48399;0.48081;0.47693;0.47229;
9000;0.46202;0.46204;0.46213;0.46225;0.46239;0.46255;0.46268;0.46277;0.46281;0.46279;0.46268;0.46239;0.46198;0.46133;0.4602;0.45852;0.45629;0.45345;0.45003;0.44597;
9500;0.4348;0.43482;0.4349;0.43501;0.43515;0.4353;0.43543;0.43552;0.43556;0.43555;0.43546;0.43521;0.43483;0.43426;0.43326;0.43177;0.42977;0.42726;0.42425;0.42071;
10000;0.40882;0.40885;0.40892;0.40903;0.40916;0.4093;0.40942;0.40951;0.40956;0.40955;0.40948;0.40927;0.40893;0.40841;0.40753;0.40621;0.40444;0.40223;0.39958;0.39649;
10500;0.38405;0.38407;0.38414;0.38424;0.38437;0.38451;0.38463;0.38471;0.38476;0.38476;0.3847;0.38453;0.38422;0.38376;0.38298;0.38181;0.38025;0.3783;0.37598;0.3733;
11000;0.36044;0.36047;0.36053;0.36063;0.36075;0.36088;0.36099;0.36107;0.36112;0.36113;0.36108;0.36094;0.36066;0.36025;0.35957;0.35854;0.35717;0.35545;0.35342;0.35111;
11500;0.33311;0.33313;0.33319;0.33328;0.33339;0.33351;0.33362;0.33369;0.33374;0.33375;0.3337;0.33357;0.33332;0.33294;0.33231;0.33136;0.33009;0.32851;0.32664;0.3245;
12000;0.30785;0.30787;0.30793;0.30801;0.30811;0.30822;0.30832;0.30839;0.30843;0.30844;0.3084;0.30828;0.30805;0.3077;0.30712;0.30624;0.30507;0.30361;0.30188;0.29991;
12500;0.28451;0.28453;0.28458;0.28465;0.28475;0.28485;0.28494;0.28501;0.28505;0.28505;0.28502;0.28491;0.28469;0.28437;0.28384;0.28303;0.28195;0.2806;0.279;0.27718;
13000;0.26293;0.26295;0.263;0.26307;0.26316;0.26325;0.26333;0.2634;0.26343;0.26344;0.26341;0.26331;0.26311;0.26281;0.26232;0.26157;0.26057;0.25933;0.25786;0.25617;
13500;0.24299;0.24301;0.24305;0.24312;0.2432;0.24329;0.24337;0.24343;0.24346;0.24346;0.24344;0.24334;0.24316;0.24289;0.24243;0.24174;0.24082;0.23967;0.23831;0.23676;
14000;0.22457;0.22458;0.22462;0.22469;0.22476;0.22484;0.22491;0.22497;0.225;0.225;0.22498;0.22489;0.22472;0.22447;0.22405;0.22342;0.22257;0.2215;0.22025;0.21882;
0.53;0;0.05;0.1;0.15;0.2;0.25;0.3;0.35;0.4;0.45;0.5;0.55;0.6;0.65;0.7;0.75;0.8;0.85;0.9;0.95;
0;1.215;1.215;1.2152;1.2155;1.2157;1.2159;1.216;1.216;1.2157;1.215;1.2138;1.2122;1.2092;1.2037;1.1953;1.1831;-9999;-9999;-9999;-9999;
500;1.1577;1.1577;1.1579;1.1581;1.1584;1.1586;1.1587;1.1587;1.1584;1.1578;1.1566;1.1551;1.1525;1.1474;1.1396;1.1284;1.1125;-9999;-9999;-9999;
1000;1.1025;1.1025;1.1027;1.1029;1.1032;1.1034;1.1035;1.1035;1.1032;1.1027;1.1016;1.1002;1.0978;1.0931;1.0859;1.0756;1.0611;-9999;-9999;-9999;
1500;1.0493;1.0493;1.0495;1.0497;1.05;1.0502;1.0503;1.0503;1.0501;1.0496;1.0485;1.0473;1.0451;1.0408;1.0342;1.0247;1.0114;-9999;-9999;-9999;
2000;0.99809;0.99815;0.99829;0.9985;0.99874;0.99895;0.99907;0.99909;0.99892;0.99844;0.99748;0.99634;0.99435;0.99044;0.98434;0.97563;0.96352;-9999;-9999;-9999;
2500;0.94883;0.94889;0.94903;0.94923;0.94946;0.94967;0.94979;0.94982;0.94967;0.94924;0.94835;0.9473;0.9455;0.94193;0.93634;0.92834;0.91727;-9999;-9999;-9999;
3000;0.90146;0.90151;0.90164;0.90184;0.90206;0.90226;0.90239;0.90243;0.9023;0.90192;0.90109;0.90012;0.8985;0.89524;0.89012;0.8828;0.87271;-9999;-9999;-9999;
3500;0.85591;0.85596;0.85609;0.85628;0.85649;0.85669;0.85682;0.85686;0.85675;0.85642;0.85566;0.85476;0.85329;0.85033;0.84566;0.83897;0.82977;-9999;-9999;-9999;
4000;0.81215;0.81219;0.81232;0.8125;0.81271;0.8129;0.81303;0.81308;0.81299;0.81269;0.812;0.81115;0.80985;0.80716;0.80289;0.79679;0.78843;-9999;-9999;-9999;
4500;0.77012;0.77016;0.77028;0.77045;0.77066;0.77085;0.77097;0.77103;0.77095;0.77069;0.77006;0.76926;0.7681;0.76567;0.76178;0.75621;0.74863;-9999;-9999;-9999;
5000;0.72978;0.72982;0.72993;0.7301;0.73029;0.73047;0.7306;0.73066;0.7306;0.73037;0.7298;0.72905;0.728;0.72581;0.72228;0.71721;0.71034;0.70118;-9999;-9999;
5500;0.69107;0.69111;0.69122;0.69137;0.69156;0.69174;0.69187;0.69193;0.69188;0.69168;0.69117;0.69047;0.68952;0.68756;0.6844;0.67975;0.67353;0.66528;-9999;-9999;
6000;0.65395;0.65399;0.65409;0.65425;0.65442;0.6546;0.65472;0.65479;0.65475;0.65458;0.65413;0.65346;0.6526;0.65085;0.64795;0.64377;0.63815;0.63074;-9999;-9999;
6500;0.61838;0.61842;0.61852;0.61866;0.61883;0.619;0.61912;0.6192;0.61917;0.61902;0.61862;0.618;0.61722;0.61566;0.61303;0.60925;0.60417;0.59752;-9999;-9999;
7000;0.58431;0.58434;0.58444;0.58458;0.58474;0.58491;0.58502;0.5851;0.58508;0.58495;0.5846;0.58402;0.58332;0.58193;0.57956;0.57614;0.57156;0.5656;-9999;-9999;
7500;0.55169;0.55172;0.55181;0.55195;0.5521;0.55227;0.55238;0.55246;0.55244;0.55234;0.55203;0.55149;0.55086;0.54962;0.54749;0.54441;0.54028;0.53494;-9999;-9999;
8000;0.52049;0.52052;0.5206;0.52073;0.52088;0.52104;0.52115;0.52123;0.52122;0.52113;0.52086;0.52037;0.51979;0.5187;0.51679;0.51401;0.5103;0.50552;-9999;-9999;
8500;0.49065;0.49068;0.49076;0.49088;0.49103;0.49118;0.49129;0.49136;0.49136;0.49129;0.49106;0.49061;0.49009;0.48911;0.4874;0.48491;0.48159;0.47732;0.47193;-9999;
9000;0.46214;0.46217;0.46225;0.46236;0.4625;0.46264;0.46275;0.46283;0.46283;0.46278;0.46258;0.46217;0.4617;0.46083;0.4593;0.45708;0.4541;0.4503;0.44553;-9999;
9500;0.43491;0.43494;0.43501;0.43512;0.43526;0.43539;0.4355;0.43558;0.43559;0.43554;0.43537;0.43501;0.43458;0.43381;0.43245;0.43047;0.42781;0.42443;0.42021;-9999;
10000;0.40893;0.40896;0.40903;0.40913;0.40926;0.40939;0.4095;0.40957;0.40959;0.40955;0.40941;0.40908;0.4087;0.40802;0.40681;0.40504;0.40267;0.39967;0.39595;-9999;
10500;0.38415;0.38418;0.38424;0.38434;0.38446;0.38459;0.38469;0.38477;0.38479;0.38476;0.38464;0.38436;0.38401;0.3834;0.38233;0.38076;0.37866;0.37601;0.37274;-9999;
11000;0.36054;0.36057;0.36063;0.36072;0.36084;0.36096;0.36106;0.36113;0.36115;0.36114;0.36104;0.36079;0.36047;0.35994;0.35899;0.3576;0.35574;0.3534;0.35053;0.3471;
11500;0.33321;0.33323;0.33329;0.33337;0.33348;0.33359;0.33368;0.33375;0.33377;0.33375;0.33366;0.33344;0.33314;0.33265;0.33178;0.33049;0.32878;0.32662;0.32397;0.3208;
12000;0.30794;0.30796;0.30801;0.30809;0.30819;0.30829;0.30838;0.30844;0.30846;0.30845;0.30837;0.30816;0.30788;0.30743;0.30663;0.30544;0.30386;0.30186;0.29941;0.29649;
12500;0.28459;0.28461;0.28466;0.28473;0.28482;0.28492;0.285;0.28505;0.28507;0.28506;0.28498;0.28479;0.28454;0.28412;0.28338;0.28229;0.28082;0.27898;0.27672;0.27403;
13000;0.26301;0.26303;0.26307;0.26314;0.26322;0.26331;0.26339;0.26344;0.26346;0.26345;0.26338;0.2632;0.26296;0.26258;0.2619;0.26089;0.25954;0.25784;0.25575;0.25327;
13500;0.24307;0.24308;0.24312;0.24319;0.24326;0.24335;0.24341;0.24346;0.24348;0.24347;0.24341;0.24325;0.24303;0.24268;0.24204;0.24111;0.23987;0.23829;0.23637;0.23408;
14000;0.22463;0.22465;0.22469;0.22475;0.22482;0.22489;0.22496;0.225;0.22502;0.22501;0.22495;0.2248;0.2246;0.22428;0.22369;0.22283;0.22168;0.22023;0.21846;0.21634;
